token,company,symbol,tsym,stat,time,ssboe,into,inth,intl,intc,intvwap,intv,intoi,v,oi
163,APOLLO TYRES LTD,APOLLOTYRE,APOLLOTYRE-EQ,Ok,02-08-2023 09:15:00,1690947900,425.35,428.60,423.05,426.55,426.31,116192,0,116192,0
14418,ASTRAL LIMITED,ASTRAL,ASTRAL-EQ,Ok,02-08-2023 09:15:00,1690947900,2006.95,2009.40,1966.00,1982.70,1979.78,69442,0,69442,0
30108,ADITYA BIRLA FASHION & RT,ABFRL,ABFRL-EQ,Ok,02-08-2023 09:15:00,1690947900,220.50,220.85,219.40,219.45,220.06,124570,0,124570,0
11703,ALKEM LABORATORIES LTD.,ALKEM,ALKEM-EQ,Ok,02-08-2023 09:15:00,1690947900,3971.05,3973.50,3943.00,3954.65,3960.31,4329,0,4329,0
7,AARTI INDUSTRIES LTD,AARTIIND,AARTIIND-EQ,Ok,02-08-2023 09:15:00,1690947900,479.75,480.90,475.90,476.00,478.22,308085,0,308085,0
13,ABB INDIA LIMITED,ABB,ABB-EQ,Ok,02-08-2023 09:15:00,1690947900,4510.00,4550.00,4481.10,4543.90,4534.82,15765,0,15765,0
383,BHARAT ELECTRONICS LTD,BEL,BEL-EQ,Ok,02-08-2023 09:15:00,1690947900,130.40,130.65,129.25,129.70,129.76,1116874,0,1116874,0
21238,AU SMALL FINANCE BANK LTD,AUBANK,AUBANK-EQ,Ok,02-08-2023 09:15:00,1690947900,722.00,722.00,715.30,717.35,717.48,132597,0,132597,0
5900,AXIS BANK LIMITED,AXISBANK,AXISBANK-EQ,Ok,02-08-2023 09:15:00,1690947900,950.85,958.85,950.85,954.80,956.22,626641,0,626641,0
317,BAJAJ FINANCE LIMITED,BAJFINANCE,BAJFINANCE-EQ,Ok,02-08-2023 09:15:00,1690947900,7279.60,7280.00,7220.05,7230.00,7242.77,85819,0,85819,0
335,BALKRISHNA IND. LTD,BALKRISIND,BALKRISIND-EQ,Ok,02-08-2023 09:15:00,1690947900,2525.00,2528.45,2493.90,2500.85,2501.23,24376,0,24376,0
371,BATA INDIA LTD,BATAINDIA,BATAINDIA-EQ,Ok,02-08-2023 09:15:00,1690947900,1753.60,1754.95,1744.45,1753.55,1750.00,23382,0,23382,0
404,BERGER PAINTS (I) LTD,BERGEPAINT,BERGEPAINT-EQ,Ok,02-08-2023 09:15:00,1690947900,705.65,707.45,698.00,700.55,702.98,372450,0,372450,0
212,ASHOK LEYLAND LTD,ASHOKLEY,ASHOKLEY-EQ,Ok,02-08-2023 09:15:00,1690947900,185.55,186.00,184.50,185.05,185.46,2303553,0,2303553,0
17903,ABBOTT INDIA LIMITED,ABBOTINDIA,ABBOTINDIA-EQ,Ok,02-08-2023 09:15:00,1690947900,24036.40,24036.40,23865.20,23870.05,23930.03,609,0,609,0
21614,ADITYA BIRLA CAPITAL LTD.,ABCAPITAL,ABCAPITAL-EQ,Ok,02-08-2023 09:15:00,1690947900,195.35,195.35,193.20,194.05,194.11,353164,0,353164,0
11543,COFORGE LIMITED,COFORGE,COFORGE-EQ,Ok,02-08-2023 09:15:00,1690947900,4845.45,4845.45,4758.70,4783.00,4797.81,20989,0,20989,0
1901,CUMMINS INDIA LTD,CUMMINSIND,CUMMINSIND-EQ,Ok,02-08-2023 09:15:00,1690947900,1926.80,1926.80,1890.25,1895.00,1900.02,93648,0,93648,0
236,ASIAN PAINTS LIMITED,ASIANPAINT,ASIANPAINT-EQ,Ok,02-08-2023 09:15:00,1690947900,3339.95,3354.40,3332.00,3349.10,3345.24,61838,0,61838,0
25,ADANI ENTERPRISES LIMITED,ADANIENT,ADANIENT-EQ,Ok,02-08-2023 09:15:00,1690947900,2480.85,2501.00,2461.15,2493.50,2486.69,246116,0,246116,0
15083,ADANI PORT & SEZ LTD,ADANIPORTS,ADANIPORTS-EQ,Ok,02-08-2023 09:15:00,1690947900,766.20,771.15,758.85,770.60,766.39,470578,0,470578,0
16669,BAJAJ AUTO LIMITED,BAJAJ-AUTO,BAJAJ-AUTO-EQ,Ok,02-08-2023 09:15:00,1690947900,4919.95,4937.80,4910.75,4916.35,4923.94,22471,0,22471,0
10940,DIVI S LABORATORIES LTD,DIVISLAB,DIVISLAB-EQ,Ok,02-08-2023 09:15:00,1690947900,3636.85,3640.00,3591.00,3598.95,3602.91,73528,0,73528,0
1270,AMBUJA CEMENTS LTD,AMBUJACEM,AMBUJACEM-EQ,Ok,02-08-2023 09:15:00,1690947900,459.95,469.20,453.70,464.70,461.63,1927461,0,1927461,0
21690,DIXON TECHNO (INDIA) LTD,DIXON,DIXON-EQ,Ok,02-08-2023 09:15:00,1690947900,4136.65,4136.90,4105.75,4119.70,4121.03,12400,0,12400,0
157,APOLLO HOSPITALS ENTER. L,APOLLOHOSP,APOLLOHOSP-EQ,Ok,02-08-2023 09:15:00,1690947900,5041.65,5043.70,4990.25,5004.00,5011.78,64575,0,64575,0
910,EICHER MOTORS LTD,EICHERMOT,EICHERMOT-EQ,Ok,02-08-2023 09:15:00,1690947900,3429.00,3429.90,3384.45,3387.25,3409.17,213098,0,213098,0
10099,GODREJ CONSUMER PRODUCTS,GODREJCP,GODREJCP-EQ,Ok,02-08-2023 09:15:00,1690947900,1021.65,1024.95,1016.40,1021.20,1021.94,72175,0,72175,0
1232,GRASIM INDUSTRIES LTD,GRASIM,GRASIM-EQ,Ok,02-08-2023 09:15:00,1690947900,1832.75,1834.60,1825.65,1828.55,1830.10,29361,0,29361,0
10599,GUJARAT GAS LIMITED,GUJGASLTD,GUJGASLTD-EQ,Ok,02-08-2023 09:15:00,1690947900,482.50,482.50,474.50,475.70,477.92,155898,0,155898,0
263,ATUL LTD,ATUL,ATUL-EQ,Ok,02-08-2023 09:15:00,1690947900,7180.00,7209.90,7135.05,7207.65,7170.96,20977,0,20977,0
7229,HCL TECHNOLOGIES LTD,HCLTECH,HCLTECH-EQ,Ok,02-08-2023 09:15:00,1690947900,1136.00,1137.00,1130.20,1131.95,1132.78,379575,0,379575,0
467,HDFC LIFE INS CO LTD,HDFCLIFE,HDFCLIFE-EQ,Ok,02-08-2023 09:15:00,1690947900,644.90,644.90,638.60,640.45,640.75,230185,0,230185,0
341,BALRAMPUR CHINI MILLS LTD,BALRAMCHIN,BALRAMCHIN-EQ,Ok,02-08-2023 09:15:00,1690947900,407.00,410.50,405.60,409.25,408.86,179334,0,179334,0
2263,BANDHAN BANK LIMITED,BANDHANBNK,BANDHANBNK-EQ,Ok,02-08-2023 09:15:00,1690947900,226.50,226.65,224.10,224.70,225.39,1727540,0,1727540,0
422,BHARAT FORGE LTD,BHARATFORG,BHARATFORG-EQ,Ok,02-08-2023 09:15:00,1690947900,933.20,934.05,922.35,924.55,925.83,69809,0,69809,0
11957,IDFC LIMITED,IDFC,IDFC-EQ,Ok,02-08-2023 09:15:00,1690947900,119.75,120.00,118.65,119.50,119.38,1136665,0,1136665,0
10604,BHARTI AIRTEL LIMITED,BHARTIARTL,BHARTIARTL-EQ,Ok,02-08-2023 09:15:00,1690947900,884.95,889.95,884.95,888.35,887.69,177761,0,177761,0
438,BHEL,BHEL,BHEL-EQ,Ok,02-08-2023 09:15:00,1690947900,104.20,104.60,103.25,104.10,104.04,2013200,0,2013200,0
2181,BOSCH LIMITED,BOSCHLTD,BOSCHLTD-EQ,Ok,02-08-2023 09:15:00,1690947900,19000.05,19000.05,18741.00,18741.00,18811.48,4499,0,4499,0
526,BHARAT PETROLEUM CORP  LT,BPCL,BPCL-EQ,Ok,02-08-2023 09:15:00,1690947900,377.50,378.70,374.80,375.30,376.85,216583,0,216583,0
547,BRITANNIA INDUSTRIES LTD,BRITANNIA,BRITANNIA-EQ,Ok,02-08-2023 09:15:00,1690947900,4838.95,4838.95,4787.45,4805.00,4814.64,35479,0,35479,0
6994,BIRLASOFT LIMITED,BSOFT,BSOFT-EQ,Ok,02-08-2023 09:15:00,1690947900,431.80,431.80,427.00,428.75,429.56,217942,0,217942,0
11184,IDFC FIRST BANK LIMITED,IDFCFIRSTB,IDFCFIRSTB-EQ,Ok,02-08-2023 09:15:00,1690947900,88.20,88.25,87.20,87.75,87.70,3955296,0,3955296,0
583,CAN FIN HOMES LTD,CANFINHOME,CANFINHOME-EQ,Ok,02-08-2023 09:15:00,1690947900,738.50,743.40,735.30,739.30,739.75,117609,0,117609,0
1512,THE INDIAN HOTELS CO. LTD,INDHOTEL,INDHOTEL-EQ,Ok,02-08-2023 09:15:00,1690947900,395.95,396.35,393.70,395.50,395.07,189396,0,189396,0
685,CHOLAMANDALAM IN & FIN CO,CHOLAFIN,CHOLAFIN-EQ,Ok,02-08-2023 09:15:00,1690947900,1102.10,1116.30,1090.10,1110.90,1104.07,1289717,0,1289717,0
15141,COLGATE PALMOLIVE LTD.,COLPAL,COLPAL-EQ,Ok,02-08-2023 09:15:00,1690947900,2007.85,2007.85,1990.55,1996.40,1995.68,20045,0,20045,0
739,COROMANDEL INTERNTL. LTD,COROMANDEL,COROMANDEL-EQ,Ok,02-08-2023 09:15:00,1690947900,1037.15,1038.95,1031.10,1034.95,1033.76,22650,0,22650,0
17094,CROMPT GREA CON ELEC LTD,CROMPTON,CROMPTON-EQ,Ok,02-08-2023 09:15:00,1690947900,291.85,291.90,289.50,290.05,290.16,119673,0,119673,0
772,DABUR INDIA LTD,DABUR,DABUR-EQ,Ok,02-08-2023 09:15:00,1690947900,567.45,568.10,563.05,564.80,564.43,138895,0,138895,0
8075,DALMIA BHARAT LIMITED,DALBHARAT,DALBHARAT-EQ,Ok,02-08-2023 09:15:00,1690947900,1984.90,2008.00,1977.00,1994.70,1994.74,38096,0,38096,0
11195,INTERGLOBE AVIATION LTD,INDIGO,INDIGO-EQ,Ok,02-08-2023 09:15:00,1690947900,2573.95,2592.00,2561.10,2586.45,2581.73,65582,0,65582,0
19943,DEEPAK NITRITE LTD,DEEPAKNTR,DEEPAKNTR-EQ,Ok,02-08-2023 09:15:00,1690947900,2039.90,2039.90,2017.45,2026.50,2027.27,31661,0,31661,0
15044,DELTA CORP LIMITED,DELTACORP,DELTACORP-EQ,Ok,02-08-2023 09:15:00,1690947900,197.80,199.90,196.60,198.75,198.46,658439,0,658439,0
4668,BANK OF BARODA,BANKBARODA,BANKBARODA-EQ,Ok,02-08-2023 09:15:00,1690947900,200.85,200.85,198.00,198.40,199.39,2156007,0,2156007,0
14732,DLF LIMITED,DLF,DLF-EQ,Ok,02-08-2023 09:15:00,1690947900,495.00,495.60,489.35,492.45,491.65,1414307,0,1414307,0
1594,INFOSYS LIMITED,INFY,INFY-EQ,Ok,02-08-2023 09:15:00,1690947900,1371.05,1371.05,1361.40,1362.90,1365.67,652931,0,652931,0
881,DR. REDDY S LABORATORIES,DRREDDY,DRREDDY-EQ,Ok,02-08-2023 09:15:00,1690947900,5665.00,5695.85,5661.40,5679.10,5675.95,49635,0,49635,0
958,ESCORTS KUBOTA LIMITED,ESCORTS,ESCORTS-EQ,Ok,02-08-2023 09:15:00,1690947900,2569.00,2619.00,2531.00,2605.85,2591.58,391252,0,391252,0
10999,MARUTI SUZUKI INDIA LTD.,MARUTI,MARUTI-EQ,Ok,02-08-2023 09:15:00,1690947900,9710.00,9770.00,9631.00,9736.00,9714.99,69160,0,69160,0
1023,FEDERAL BANK LTD,FEDERALBNK,FEDERALBNK-EQ,Ok,02-08-2023 09:15:00,1690947900,134.30,134.50,133.85,134.00,134.14,1596374,0,1596374,0
10447,UNITED SPIRITS LIMITED,MCDOWELL-N,MCDOWELL-N-EQ,Ok,02-08-2023 09:15:00,1690947900,1018.00,1018.00,1008.45,1011.80,1012.42,47080,0,47080,0
4717,GAIL (INDIA) LTD,GAIL,GAIL-EQ,Ok,02-08-2023 09:15:00,1690947900,120.25,120.35,118.45,118.70,119.07,3067861,0,3067861,0
2142,MAX FINANCIAL SERV LTD,MFSL,MFSL-EQ,Ok,02-08-2023 09:15:00,1690947900,811.40,814.30,803.50,803.50,806.99,21298,0,21298,0
7406,GLENMARK PHARMACEUTICALS,GLENMARK,GLENMARK-EQ,Ok,02-08-2023 09:15:00,1690947900,785.35,791.70,779.15,779.15,784.48,66578,0,66578,0
13528,GMR AIRPORTS INFRA LTD,GMRINFRA,GMRINFRA-EQ,Ok,02-08-2023 09:15:00,1690947900,51.25,51.45,51.00,51.10,51.12,1042051,0,1042051,0
1174,GUJ NAR VAL FER & CHEM L,GNFC,GNFC-EQ,Ok,02-08-2023 09:15:00,1690947900,608.95,612.00,605.00,606.75,608.46,207559,0,207559,0
6364,NATIONAL ALUMINIUM CO LTD,NATIONALUM,NATIONALUM-EQ,Ok,02-08-2023 09:15:00,1690947900,96.05,96.05,94.00,94.30,94.67,1213673,0,1213673,0
2303,HINDUSTAN AERONAUTICS LTD,HAL,HAL-EQ,Ok,02-08-2023 09:15:00,1690947900,3865.95,3865.95,3807.85,3827.00,3827.16,114830,0,114830,0
9819,HAVELLS INDIA LIMITED,HAVELLS,HAVELLS-EQ,Ok,02-08-2023 09:15:00,1690947900,1320.10,1320.10,1308.55,1315.50,1312.92,44212,0,44212,0
1333,HDFC BANK LTD,HDFCBANK,HDFCBANK-EQ,Ok,02-08-2023 09:15:00,1690947900,1648.40,1651.25,1645.55,1649.30,1647.50,1418388,0,1418388,0
13751,INFO EDGE (I) LTD,NAUKRI,NAUKRI-EQ,Ok,02-08-2023 09:15:00,1690947900,4646.05,4654.20,4563.55,4609.60,4596.24,25393,0,25393,0
1348,HERO MOTOCORP LIMITED,HEROMOTOCO,HEROMOTOCO-EQ,Ok,02-08-2023 09:15:00,1690947900,3061.20,3065.00,3021.95,3057.65,3049.01,320409,0,320409,0
1363,HINDALCO  INDUSTRIES  LTD,HINDALCO,HINDALCO-EQ,Ok,02-08-2023 09:15:00,1690947900,459.65,459.65,455.65,456.70,456.97,707232,0,707232,0
17939,HINDUSTAN COPPER LTD,HINDCOPPER,HINDCOPPER-EQ,Ok,02-08-2023 09:15:00,1690947900,150.50,152.50,148.80,150.50,150.89,4189123,0,4189123,0
1406,HINDUSTAN PETROLEUM CORP,HINDPETRO,HINDPETRO-EQ,Ok,02-08-2023 09:15:00,1690947900,285.60,285.60,280.00,280.75,281.38,684569,0,684569,0
30125,INDIABULLS HSG FIN LTD,IBULHSGFIN,IBULHSGFIN-EQ,Ok,02-08-2023 09:15:00,1690947900,141.65,149.00,141.50,148.80,146.41,8074369,0,8074369,0
21770,ICICI LOMBARD GIC LIMITED,ICICIGI,ICICIGI-EQ,Ok,02-08-2023 09:15:00,1690947900,1368.00,1368.00,1352.15,1365.45,1360.68,24700,0,24700,0
18652,ICICI PRU LIFE INS CO LTD,ICICIPRULI,ICICIPRULI-EQ,Ok,02-08-2023 09:15:00,1690947900,572.95,576.55,572.05,575.65,574.55,117642,0,117642,0
220,INDIAN ENERGY EXC LTD,IEX,IEX-EQ,Ok,02-08-2023 09:15:00,1690947900,128.00,128.20,126.80,127.90,127.69,2311893,0,2311893,0
11262,INDRAPRASTHA GAS LTD,IGL,IGL-EQ,Ok,02-08-2023 09:15:00,1690947900,460.45,462.35,457.05,457.80,459.36,144623,0,144623,0
1515,THE INDIA CEMENTS LIMITED,INDIACEM,INDIACEM-EQ,Ok,02-08-2023 09:15:00,1690947900,218.65,222.40,217.95,221.15,220.46,658485,0,658485,0
10726,INDIAMART INTERMESH LTD,INDIAMART,INDIAMART-EQ,Ok,02-08-2023 09:15:00,1690947900,3127.95,3129.00,3088.00,3090.35,3108.40,13861,0,13861,0
29135,INDUS TOWERS LIMITED,INDUSTOWER,INDUSTOWER-EQ,Ok,02-08-2023 09:15:00,1690947900,173.50,173.50,172.00,172.15,172.64,348290,0,348290,0
1624,INDIAN OIL CORP LTD,IOC,IOC-EQ,Ok,02-08-2023 09:15:00,1690947900,94.30,94.65,94.10,94.30,94.40,1631532,0,1631532,0
1633,IPCA LABORATORIES LTD,IPCALAB,IPCALAB-EQ,Ok,02-08-2023 09:15:00,1690947900,899.95,902.25,891.05,893.15,895.26,50562,0,50562,0
13611,INDIAN RAIL TOUR CORP LTD,IRCTC,IRCTC-EQ,Ok,02-08-2023 09:15:00,1690947900,644.00,644.25,640.05,640.85,641.71,86810,0,86810,0
10738,ORACLE FIN SERV SOFT LTD.,OFSS,OFSS-EQ,Ok,02-08-2023 09:15:00,1690947900,3862.30,3876.60,3845.75,3865.35,3859.89,3174,0,3174,0
14413,PAGE INDUSTRIES LTD,PAGEIND,PAGEIND-EQ,Ok,02-08-2023 09:15:00,1690947900,38650.00,38665.35,38250.00,38339.00,38372.17,2064,0,2064,0
13270,JK CEMENT LIMITED,JKCEMENT,JKCEMENT-EQ,Ok,02-08-2023 09:15:00,1690947900,3274.45,3274.45,3241.35,3258.85,3252.40,3331,0,3331,0
18365,PERSISTENT SYSTEMS LTD,PERSISTENT,PERSISTENT-EQ,Ok,02-08-2023 09:15:00,1690947900,4798.95,4798.95,4730.10,4738.10,4747.53,34324,0,34324,0
24184,PI INDUSTRIES LTD,PIIND,PIIND-EQ,Ok,02-08-2023 09:15:00,1690947900,3674.85,3686.85,3641.55,3659.95,3665.37,24539,0,24539,0
1922,KOTAK MAHINDRA BANK LTD,KOTAKBANK,KOTAKBANK-EQ,Ok,02-08-2023 09:15:00,1690947900,1841.15,1847.80,1837.00,1839.85,1841.25,406691,0,406691,0
17971,SBI CARDS & PAY SER LTD,SBICARD,SBICARD-EQ,Ok,02-08-2023 09:15:00,1690947900,881.95,882.15,872.15,873.15,875.26,88480,0,88480,0
21808,SBI LIFE INSURANCE CO LTD,SBILIFE,SBILIFE-EQ,Ok,02-08-2023 09:15:00,1690947900,1283.65,1283.65,1266.05,1267.55,1270.01,53845,0,53845,0
24948,L&T FINANCE HOLDINGS LTD,L&TFH,L&TFH-EQ,Ok,02-08-2023 09:15:00,1690947900,132.10,132.35,131.05,131.50,131.73,566864,0,566864,0
11654,DR. LAL PATH LABS LTD.,LALPATHLAB,LALPATHLAB-EQ,Ok,02-08-2023 09:15:00,1690947900,2340.00,2357.10,2321.50,2322.65,2337.78,17364,0,17364,0
19234,LAURUS LABS LIMITED,LAURUSLABS,LAURUSLABS-EQ,Ok,02-08-2023 09:15:00,1690947900,357.75,359.65,356.15,357.55,357.78,250784,0,250784,0
1997,LIC HOUSING FINANCE LTD,LICHSGFIN,LICHSGFIN-EQ,Ok,02-08-2023 09:15:00,1690947900,416.90,417.30,414.35,415.35,415.76,165991,0,165991,0
11483,LARSEN & TOUBRO LTD.,LT,LT-EQ,Ok,02-08-2023 09:15:00,1690947900,2637.95,2638.00,2627.20,2634.60,2633.48,148645,0,148645,0
17818,LTIMINDTREE LIMITED,LTIM,LTIM-EQ,Ok,02-08-2023 09:15:00,1690947900,4976.00,4976.00,4925.00,4925.00,4945.74,30152,0,30152,0
18564,L&T TECHNOLOGY SER. LTD.,LTTS,LTTS-EQ,Ok,02-08-2023 09:15:00,1690947900,4140.10,4160.80,4109.05,4128.50,4138.51,20025,0,20025,0
275,AUROBINDO PHARMA LTD,AUROPHARMA,AUROPHARMA-EQ,Ok,02-08-2023 09:15:00,1690947900,814.75,820.00,809.20,811.60,813.17,125786,0,125786,0
10440,LUPIN LIMITED,LUPIN,LUPIN-EQ,Ok,02-08-2023 09:15:00,1690947900,987.85,987.85,976.35,977.55,979.63,71360,0,71360,0
2031,MAHINDRA & MAHINDRA LTD,M&M,M&M-EQ,Ok,02-08-2023 09:15:00,1690947900,1493.75,1496.60,1483.10,1488.65,1492.48,286508,0,286508,0
13285,M&M FIN. SERVICES LTD,M&MFIN,M&MFIN-EQ,Ok,02-08-2023 09:15:00,1690947900,296.40,296.40,293.10,295.20,294.63,211824,0,211824,0
4067,MARICO LIMITED,MARICO,MARICO-EQ,Ok,02-08-2023 09:15:00,1690947900,560.00,560.75,554.90,556.55,556.76,75622,0,75622,0
9581,METROPOLIS HEALTHCARE LTD,METROPOLIS,METROPOLIS-EQ,Ok,02-08-2023 09:15:00,1690947900,1383.75,1389.05,1375.70,1381.50,1382.64,47178,0,47178,0
16675,BAJAJ FINSERV LTD.,BAJAJFINSV,BAJAJFINSV-EQ,Ok,02-08-2023 09:15:00,1690947900,1571.05,1572.35,1555.50,1557.50,1560.73,187110,0,187110,0
694,CIPLA LTD,CIPLA,CIPLA-EQ,Ok,02-08-2023 09:15:00,1690947900,1184.80,1184.90,1165.10,1165.15,1174.86,188395,0,188395,0
2277,MRF LTD,MRF,MRF-EQ,Ok,02-08-2023 09:15:00,1690947900,102890.00,103142.70,102783.05,103041.20,103019.16,209,0,209,0
676,EXIDE INDUSTRIES LTD,EXIDEIND,EXIDEIND-EQ,Ok,02-08-2023 09:15:00,1690947900,263.90,265.50,261.70,264.25,263.77,1001700,0,1001700,0
23650,MUTHOOT FINANCE LIMITED,MUTHOOTFIN,MUTHOOTFIN-EQ,Ok,02-08-2023 09:15:00,1690947900,1348.00,1349.35,1340.00,1343.05,1345.41,21143,0,21143,0
14672,NAVIN FLUORINE INT. LTD,NAVINFLUOR,NAVINFLUOR-EQ,Ok,02-08-2023 09:15:00,1690947900,4540.00,4540.00,4471.70,4511.30,4503.27,60872,0,60872,0
11536,TATA CONSULTANCY SERV LT,TCS,TCS-EQ,Ok,02-08-2023 09:15:00,1690947900,3434.00,3442.70,3426.50,3438.55,3434.29,120697,0,120697,0
13538,TECH MAHINDRA LIMITED,TECHM,TECHM-EQ,Ok,02-08-2023 09:15:00,1690947900,1141.85,1142.55,1132.65,1135.60,1137.55,147995,0,147995,0
1964,TRENT LTD,TRENT,TRENT-EQ,Ok,02-08-2023 09:15:00,1690947900,1709.90,1716.60,1690.15,1694.85,1696.32,33487,0,33487,0
8479,TVS MOTOR COMPANY  LTD,TVSMOTOR,TVSMOTOR-EQ,Ok,02-08-2023 09:15:00,1690947900,1374.95,1396.00,1368.10,1389.90,1386.34,402713,0,402713,0
11373,BIOCON LIMITED.,BIOCON,BIOCON-EQ,Ok,02-08-2023 09:15:00,1690947900,255.30,256.70,253.60,255.25,255.02,123197,0,123197,0
17963,NESTLE INDIA LIMITED,NESTLEIND,NESTLEIND-EQ,Ok,02-08-2023 09:15:00,1690947900,22689.90,22689.90,22516.40,22536.35,22588.28,2563,0,2563,0
3787,WIPRO LTD,WIPRO,WIPRO-EQ,Ok,02-08-2023 09:15:00,1690947900,405.25,405.90,403.25,403.80,404.63,254012,0,254012,0
11630,NTPC LTD,NTPC,NTPC-EQ,Ok,02-08-2023 09:15:00,1690947900,225.00,225.00,222.55,222.65,223.54,1671977,0,1671977,0
20242,OBEROI REALTY LIMITED,OBEROIRLTY,OBEROIRLTY-EQ,Ok,02-08-2023 09:15:00,1690947900,1082.15,1112.00,1082.15,1109.00,1101.17,131115,0,131115,0
2475,OIL AND NATURAL GAS CORP.,ONGC,ONGC-EQ,Ok,02-08-2023 09:15:00,1690947900,177.20,178.65,176.10,177.10,177.80,1186300,0,1186300,0
5701,CITY UNION BANK LTD,CUB,CUB-EQ,Ok,02-08-2023 09:15:00,1690947900,134.30,134.35,132.75,133.35,133.78,419446,0,419446,0
637,CHAMBAL FERTILIZERS LTD,CHAMBLFERT,CHAMBLFERT-EQ,Ok,02-08-2023 09:15:00,1690947900,280.50,280.95,278.50,278.75,279.55,169451,0,169451,0
11351,PETRONET LNG LIMITED,PETRONET,PETRONET-EQ,Ok,02-08-2023 09:15:00,1690947900,232.80,232.95,230.40,230.45,231.40,189788,0,189788,0
2664,PIDILITE INDUSTRIES LTD,PIDILITIND,PIDILITIND-EQ,Ok,02-08-2023 09:15:00,1690947900,2640.00,2643.70,2625.55,2635.00,2635.68,23277,0,23277,0
10666,PUNJAB NATIONAL BANK,PNB,PNB-EQ,Ok,02-08-2023 09:15:00,1690947900,61.10,61.15,60.55,60.60,60.77,4920752,0,4920752,0
11872,GRANULES INDIA LIMITED,GRANULES,GRANULES-EQ,Ok,02-08-2023 09:15:00,1690947900,327.05,327.40,322.10,322.30,323.83,225899,0,225899,0
14977,POWER GRID CORP. LTD.,POWERGRID,POWERGRID-EQ,Ok,02-08-2023 09:15:00,1690947900,252.25,253.05,249.75,252.10,251.37,1979634,0,1979634,0
2043,THE RAMCO CEMENTS LIMITED,RAMCOCEM,RAMCOCEM-EQ,Ok,02-08-2023 09:15:00,1690947900,882.00,897.60,878.80,890.30,891.04,43827,0,43827,0
18391,RBL BANK LIMITED,RBLBANK,RBLBANK-EQ,Ok,02-08-2023 09:15:00,1690947900,222.00,223.50,221.05,222.45,222.34,1467800,0,1467800,0
4244,HDFC AMC LIMITED,HDFCAMC,HDFCAMC-EQ,Ok,02-08-2023 09:15:00,1690947900,2540.00,2540.00,2490.00,2500.00,2503.07,83812,0,83812,0
15355,REC LIMITED,RECLTD,RECLTD-EQ,Ok,02-08-2023 09:15:00,1690947900,198.95,200.80,198.40,200.50,199.62,1435465,0,1435465,0
2885,RELIANCE INDUSTRIES LTD,RELIANCE,RELIANCE-EQ,Ok,02-08-2023 09:15:00,1690947900,2508.20,2511.95,2500.05,2502.00,2506.11,503560,0,503560,0
2963,STEEL AUTHORITY OF INDIA,SAIL,SAIL-EQ,Ok,02-08-2023 09:15:00,1690947900,94.95,95.10,94.20,94.35,94.68,1734233,0,1734233,0
3045,STATE BANK OF INDIA,SBIN,SBIN-EQ,Ok,02-08-2023 09:15:00,1690947900,610.00,610.00,605.90,606.25,607.97,1269931,0,1269931,0
3103,SHREE CEMENT LIMITED,SHREECEM,SHREECEM-EQ,Ok,02-08-2023 09:15:00,1690947900,24099.00,24099.95,23980.00,23983.65,24045.27,1998,0,1998,0
4306,SHRIRAM FINANCE LIMITED,SHRIRAMFIN,SHRIRAMFIN-EQ,Ok,02-08-2023 09:15:00,1690947900,1860.40,1866.25,1849.40,1857.85,1858.90,94253,0,94253,0
3273,SRF LTD,SRF,SRF-EQ,Ok,02-08-2023 09:15:00,1690947900,2252.95,2253.00,2233.00,2248.25,2243.86,67704,0,67704,0
3351,SUN PHARMACEUTICAL IND L,SUNPHARMA,SUNPHARMA-EQ,Ok,02-08-2023 09:15:00,1690947900,1143.45,1144.30,1135.50,1137.70,1138.91,84386,0,84386,0
20374,COAL INDIA LTD,COALINDIA,COALINDIA-EQ,Ok,02-08-2023 09:15:00,1690947900,241.50,243.15,240.50,241.90,241.97,4525305,0,4525305,0
10243,SYNGENE INTERNATIONAL LTD,SYNGENE,SYNGENE-EQ,Ok,02-08-2023 09:15:00,1690947900,808.95,810.10,801.85,802.85,804.47,40659,0,40659,0
1394,HINDUSTAN UNILEVER LTD.,HINDUNILVR,HINDUNILVR-EQ,Ok,02-08-2023 09:15:00,1690947900,2540.00,2550.15,2536.00,2540.65,2539.94,125754,0,125754,0
3405,TATA CHEMICALS LTD,TATACHEM,TATACHEM-EQ,Ok,02-08-2023 09:15:00,1690947900,1052.90,1052.90,1028.80,1046.85,1041.14,379925,0,379925,0
3721,TATA COMMUNICATIONS LTD,TATACOMM,TATACOMM-EQ,Ok,02-08-2023 09:15:00,1690947900,1752.00,1769.75,1729.55,1766.00,1754.02,131936,0,131936,0
3432,TATA CONSUMER PRODUCT LTD,TATACONSUM,TATACONSUM-EQ,Ok,02-08-2023 09:15:00,1690947900,854.90,854.90,844.30,844.75,848.79,119832,0,119832,0
4963,ICICI BANK LTD.,ICICIBANK,ICICIBANK-EQ,Ok,02-08-2023 09:15:00,1690947900,989.45,994.00,989.45,990.85,991.02,1441755,0,1441755,0
3456,TATA MOTORS LIMITED,TATAMOTORS,TATAMOTORS-EQ,Ok,02-08-2023 09:15:00,1690947900,644.30,644.30,638.20,638.50,640.10,893137,0,893137,0
3426,TATA POWER CO LTD,TATAPOWER,TATAPOWER-EQ,Ok,02-08-2023 09:15:00,1690947900,244.55,244.65,241.75,242.60,242.77,2411209,0,2411209,0
5258,INDUSIND BANK LIMITED,INDUSINDBK,INDUSINDBK-EQ,Ok,02-08-2023 09:15:00,1690947900,1389.95,1390.95,1383.20,1386.65,1386.61,146322,0,146322,0
3506,TITAN COMPANY LIMITED,TITAN,TITAN-EQ,Ok,02-08-2023 09:15:00,1690947900,3004.65,3004.70,2986.60,2990.70,2994.42,84072,0,84072,0
3518,TORRENT PHARMACEUTICALS L,TORNTPHARM,TORNTPHARM-EQ,Ok,02-08-2023 09:15:00,1690947900,1972.60,1983.95,1972.60,1974.90,1978.36,10014,0,10014,0
16713,UNITED BREWERIES LTD,UBL,UBL-EQ,Ok,02-08-2023 09:15:00,1690947900,1597.95,1599.90,1585.95,1587.00,1593.45,59465,0,59465,0
11532,ULTRATECH CEMENT LIMITED,ULTRACEMCO,ULTRACEMCO-EQ,Ok,02-08-2023 09:15:00,1690947900,8265.00,8315.00,8251.25,8294.00,8286.89,12318,0,12318,0
11287,UPL LIMITED,UPL,UPL-EQ,Ok,02-08-2023 09:15:00,1690947900,628.70,629.50,622.20,622.55,626.16,538908,0,538908,0
3718,VOLTAS LTD,VOLTAS,VOLTAS-EQ,Ok,02-08-2023 09:15:00,1690947900,797.65,804.00,792.15,801.70,798.89,356752,0,356752,0
18096,JUBILANT FOODWORKS LTD,JUBLFOOD,JUBLFOOD-EQ,Ok,02-08-2023 09:15:00,1690947900,491.90,491.90,485.60,488.70,488.32,199124,0,199124,0
3812,ZEE ENTERTAINMENT ENT LTD,ZEEL,ZEEL-EQ,Ok,02-08-2023 09:15:00,1690947900,236.05,237.45,233.45,237.15,235.50,967742,0,967742,0
7929,ZYDUS LIFESCIENCES LTD,ZYDUSLIFE,ZYDUSLIFE-EQ,Ok,02-08-2023 09:15:00,1690947900,634.85,635.00,630.25,630.90,631.92,41519,0,41519,0
19061,MANAPPURAM FINANCE LTD,MANAPPURAM,MANAPPURAM-EQ,Ok,02-08-2023 09:15:00,1690947900,135.50,136.00,134.50,135.10,135.26,522166,0,522166,0
22,ACC LIMITED,ACC,ACC-EQ,Ok,02-08-2023 09:15:00,1690947900,2005.00,2026.70,1990.35,2018.10,2012.99,107998,0,107998,0
3063,VEDANTA LIMITED,VEDL,VEDL-EQ,Ok,02-08-2023 09:15:00,1690947900,277.35,277.40,275.00,276.15,276.02,765339,0,765339,0
6733,JINDAL STEEL & POWER LTD,JINDALSTEL,JINDALSTEL-EQ,Ok,02-08-2023 09:15:00,1690947900,669.55,669.95,659.05,661.70,662.03,231575,0,231575,0
11723,JSW STEEL LIMITED,JSWSTEEL,JSWSTEEL-EQ,Ok,02-08-2023 09:15:00,1690947900,817.70,817.80,811.15,813.95,813.56,176260,0,176260,0
4749,CONTAINER CORP OF IND LTD,CONCOR,CONCOR-EQ,Ok,02-08-2023 09:15:00,1690947900,695.05,696.80,685.05,685.80,688.52,63343,0,63343,0
15332,NMDC LTD.,NMDC,NMDC-EQ,Ok,02-08-2023 09:15:00,1690947900,116.85,116.90,115.85,116.05,116.24,1041514,0,1041514,0
9590,POLYCAB INDIA LIMITED,POLYCAB,POLYCAB-EQ,Ok,02-08-2023 09:15:00,1690947900,4628.00,4657.40,4562.00,4649.80,4616.85,128570,0,128570,0
3150,SIEMENS LTD,SIEMENS,SIEMENS-EQ,Ok,02-08-2023 09:15:00,1690947900,3889.95,3897.45,3861.85,3882.00,3885.18,25510,0,25510,0
10794,CANARA BANK,CANBK,CANBK-EQ,Ok,02-08-2023 09:15:00,1690947900,339.90,339.90,337.60,337.95,338.73,582303,0,582303,0
31181,MULTI COMMODITY EXCHANGE,MCX,MCX-EQ,Ok,02-08-2023 09:15:00,1690947900,1626.70,1633.80,1618.00,1618.05,1624.61,23199,0,23199,0
17534,MAHANAGAR GAS LTD.,MGL,MGL-EQ,Ok,02-08-2023 09:15:00,1690947900,1124.85,1144.00,1107.25,1111.30,1129.08,233015,0,233015,0
4204,SAMVRDHNA MTHRSN INTL LTD,MOTHERSON,MOTHERSON-EQ,Ok,02-08-2023 09:15:00,1690947900,98.80,99.75,98.10,99.20,99.09,729925,0,729925,0
1660,ITC LTD,ITC,ITC-EQ,Ok,02-08-2023 09:15:00,1690947900,464.50,464.60,461.30,461.80,463.23,830077,0,830077,0
13147,PVR INOX LIMITED,PVRINOX,PVRINOX-EQ,Ok,02-08-2023 09:15:00,1690947900,1583.00,1614.00,1573.05,1605.00,1597.28,589292,0,589292,0
13404,SUN TV NETWORK LIMITED,SUNTV,SUNTV-EQ,Ok,02-08-2023 09:15:00,1690947900,534.30,534.65,530.60,532.60,533.02,65297,0,65297,0
2412,PIRAMAL ENTERPRISES LTD,PEL,PEL-EQ,Ok,02-08-2023 09:15:00,1690947900,1004.05,1004.85,989.65,993.25,995.05,277419,0,277419,0
14299,POWER FIN CORP LTD.,PFC,PFC-EQ,Ok,02-08-2023 09:15:00,1690947900,257.85,260.70,257.30,260.60,259.56,616733,0,616733,0
3499,TATA STEEL LIMITED,TATASTEEL,TATASTEEL-EQ,Ok,02-08-2023 09:15:00,1690947900,122.75,122.75,120.30,120.60,121.17,5451000,0,5451000,0
17875,GODREJ PROPERTIES LTD,GODREJPROP,GODREJPROP-EQ,Ok,02-08-2023 09:15:00,1690947900,1685.25,1701.75,1673.50,1682.95,1686.02,79276,0,79276,0
14366,VODAFONE IDEA LIMITED,IDEA,IDEA-EQ,Ok,02-08-2023 09:15:00,1690947900,8.30,8.30,8.15,8.25,8.20,7935903,0,7935903,0
4503,MPHASIS LIMITED,MPHASIS,MPHASIS-EQ,Ok,02-08-2023 09:15:00,1690947900,2285.05,2288.65,2257.60,2267.05,2268.57,37436,0,37436,0
