company,symbol,tsym,token,stat,time,ssboe,into,inth,intl,intc,intvwap,intv,intoi,v,oi
APOLLO TYRES LTD,APOLLOTYRE,APOLLOTYRE-EQ,163,Ok,28-07-2023 09:15:00,1690515900,460.50,462.40,459.10,460.35,460.80,74580,0,75255,0
ASTRAL LIMITED,ASTRAL,ASTRAL-EQ,14418,Ok,28-07-2023 09:15:00,1690515900,1915.00,1918.90,1908.30,1916.75,1913.76,19396,0,19536,0
ADITYA BIRLA FASHION & RT,ABFRL,ABFRL-EQ,30108,Ok,28-07-2023 09:15:00,1690515900,217.70,219.85,217.10,217.50,218.66,363442,0,366999,0
ALKEM LABORATORIES LTD.,ALKEM,ALKEM-EQ,11703,Ok,28-07-2023 09:15:00,1690515900,129.35,131.65,129.35,130.25,130.63,9816755,0,10260940,0
AARTI INDUSTRIES LTD,AARTIIND,AARTIIND-EQ,7,Ok,28-07-2023 09:15:00,1690515900,420.30,420.80,417.40,420.45,419.32,96466,0,97314,0
ABB INDIA LIMITED,ABB,ABB-EQ,13,Ok,28-07-2023 09:15:00,1690515900,7311.00,7335.00,7253.00,7253.90,7296.18,143724,0,146376,0
BHARAT ELECTRONICS LTD,BEL,BEL-EQ,383,Ok,28-07-2023 09:15:00,1690515900,4005.15,4029.90,3999.85,4021.10,4018.43,10889,0,11141,0
AU SMALL FINANCE BANK LTD,AUBANK,AUBANK-EQ,21238,Ok,28-07-2023 09:15:00,1690515900,969.20,969.20,942.30,945.55,949.66,1427496,0,1448716,0
AXIS BANK LIMITED,AXISBANK,AXISBANK-EQ,5900,Ok,28-07-2023 09:15:00,1690515900,731.80,731.80,726.30,728.60,728.07,91935,0,92334,0
BAJAJ FINANCE LIMITED,BAJFINANCE,BAJFINANCE-EQ,317,Ok,28-07-2023 09:15:00,1690515900,4425.00,4461.80,4412.30,4454.60,4441.06,26895,0,27351,0
BALKRISHNA IND. LTD,BALKRISIND,BALKRISIND-EQ,335,Ok,28-07-2023 09:15:00,1690515900,2474.50,2477.05,2448.90,2464.15,2458.44,10250,0,10361,0
BATA INDIA LTD,BATAINDIA,BATAINDIA-EQ,371,Ok,28-07-2023 09:15:00,1690515900,1705.00,1715.00,1702.20,1704.10,1707.44,13524,0,13890,0
BERGER PAINTS (I) LTD,BERGEPAINT,BERGEPAINT-EQ,404,Ok,28-07-2023 09:15:00,1690515900,23750.05,23800.00,23622.00,23713.10,23717.14,1173,0,1194,0
ASHOK LEYLAND LTD,ASHOKLEY,ASHOKLEY-EQ,212,Ok,28-07-2023 09:15:00,1690515900,191.85,194.25,191.55,193.00,193.34,562636,0,568844,0
ABBOTT INDIA LIMITED,ABBOTINDIA,ABBOTINDIA-EQ,17903,Ok,28-07-2023 09:15:00,1690515900,749.55,749.90,743.80,744.80,745.92,189423,0,192255,0
ADITYA BIRLA CAPITAL LTD.,ABCAPITAL,ABCAPITAL-EQ,21614,Ok,28-07-2023 09:15:00,1690515900,181.95,181.95,180.55,180.70,181.08,661723,0,676603,0
COFORGE LIMITED,COFORGE,COFORGE-EQ,11543,Ok,28-07-2023 09:15:00,1690515900,672.20,677.00,668.30,672.20,672.22,85850,0,86313,0
CUMMINS INDIA LTD,CUMMINSIND,CUMMINSIND-EQ,1901,Ok,28-07-2023 09:15:00,1690515900,1925.00,1932.55,1909.10,1931.00,1924.34,34679,0,34989,0
ASIAN PAINTS LIMITED,ASIANPAINT,ASIANPAINT-EQ,236,Ok,28-07-2023 09:15:00,1690515900,4851.00,4863.90,4829.65,4850.70,4847.82,19720,0,19816,0
ADANI ENTERPRISES LIMITED,ADANIENT,ADANIENT-EQ,25,Ok,28-07-2023 09:15:00,1690515900,3768.90,3768.90,3744.45,3752.20,3758.71,52226,0,53902,0
ADANI PORT & SEZ LTD,ADANIPORTS,ADANIPORTS-EQ,15083,Ok,28-07-2023 09:15:00,1690515900,1818.00,1821.45,1810.00,1819.95,1816.66,34732,0,35160,0
BAJAJ AUTO LIMITED,BAJAJ-AUTO,BAJAJ-AUTO-EQ,16669,Ok,28-07-2023 09:15:00,1690515900,1042.90,1042.90,1031.10,1032.15,1035.38,85239,0,96472,0
DIVI S LABORATORIES LTD,DIVISLAB,DIVISLAB-EQ,10940,Ok,28-07-2023 09:15:00,1690515900,4690.70,4715.75,4669.25,4675.80,4682.56,12955,0,13229,0
AMBUJA CEMENTS LTD,AMBUJACEM,AMBUJACEM-EQ,1270,Ok,28-07-2023 09:15:00,1690515900,3346.40,3348.95,3329.65,3343.85,3339.39,22262,0,22904,0
DIXON TECHNO (INDIA) LTD,DIXON,DIXON-EQ,21690,Ok,28-07-2023 09:15:00,1690515900,3376.00,3386.10,3366.90,3383.50,3378.06,33195,0,34285,0
APOLLO HOSPITALS ENTER. L,APOLLOHOSP,APOLLOHOSP-EQ,157,Ok,28-07-2023 09:15:00,1690515900,470.85,475.00,470.10,472.45,473.28,85618,0,86668,0
EICHER MOTORS LTD,EICHERMOT,EICHERMOT-EQ,910,Ok,28-07-2023 09:15:00,1690515900,2438.00,2452.70,2431.10,2437.15,2441.98,209624,0,211927,0
GODREJ CONSUMER PRODUCTS,GODREJCP,GODREJCP-EQ,10099,Ok,28-07-2023 09:15:00,1690515900,4064.95,4075.85,4017.50,4032.45,4036.27,25261,0,25466,0
GRASIM INDUSTRIES LTD,GRASIM,GRASIM-EQ,1232,Ok,28-07-2023 09:15:00,1690515900,454.45,455.25,448.35,449.50,452.25,564329,0,589731,0
GUJARAT GAS LIMITED,GUJGASLTD,GUJGASLTD-EQ,10599,Ok,28-07-2023 09:15:00,1690515900,5194.00,5245.00,5180.05,5212.55,5228.05,39901,0,41234,0
ATUL LTD,ATUL,ATUL-EQ,263,Ok,28-07-2023 09:15:00,1690515900,6549.95,6563.95,6508.00,6520.00,6525.96,3551,0,3687,0
HCL TECHNOLOGIES LTD,HCLTECH,HCLTECH-EQ,7229,Ok,28-07-2023 09:15:00,1690515900,395.25,397.20,391.35,392.10,394.25,114892,0,115536,0
HDFC LIFE INS CO LTD,HDFCLIFE,HDFCLIFE-EQ,467,Ok,28-07-2023 09:15:00,1690515900,114.25,114.60,113.60,114.20,114.06,1022689,0,1039204,0
BALRAMPUR CHINI MILLS LTD,BALRAMCHIN,BALRAMCHIN-EQ,341,Ok,28-07-2023 09:15:00,1690515900,662.75,664.25,658.50,658.80,661.16,171000,0,173065,0
BANDHAN BANK LIMITED,BANDHANBNK,BANDHANBNK-EQ,2263,Ok,28-07-2023 09:15:00,1690515900,18900.00,18949.60,18841.30,18945.45,18910.70,1148,0,1205,0
BHARAT FORGE LTD,BHARATFORG,BHARATFORG-EQ,422,Ok,28-07-2023 09:15:00,1690515900,899.00,899.00,892.00,898.65,895.53,231823,0,236637,0
IDFC LIMITED,IDFC,IDFC-EQ,11957,Ok,28-07-2023 09:15:00,1690515900,4900.00,4959.40,4887.60,4941.85,4927.65,62267,0,62790,0
BHARTI AIRTEL LIMITED,BHARTIARTL,BHARTIARTL-EQ,10604,Ok,28-07-2023 09:15:00,1690515900,103.85,104.00,102.20,102.30,102.98,2867110,0,2988802,0
BHEL,BHEL,BHEL-EQ,438,Ok,28-07-2023 09:15:00,1690515900,379.70,379.70,373.30,375.50,375.21,433956,0,443476,0
BOSCH LIMITED,BOSCHLTD,BOSCHLTD-EQ,2181,Ok,28-07-2023 09:15:00,1690515900,918.75,918.75,901.00,901.20,907.59,1006684,0,1041333,0
BHARAT PETROLEUM CORP  LT,BPCL,BPCL-EQ,526,Ok,28-07-2023 09:15:00,1690515900,1115.50,1118.45,1108.60,1113.95,1111.79,124357,0,128125,0
BRITANNIA INDUSTRIES LTD,BRITANNIA,BRITANNIA-EQ,547,Ok,28-07-2023 09:15:00,1690515900,217.70,218.20,216.55,218.00,217.33,820729,0,825990,0
BIRLASOFT LIMITED,BSOFT,BSOFT-EQ,6994,Ok,28-07-2023 09:15:00,1690515900,405.25,413.00,400.30,412.70,406.17,1044917,0,1064948,0
IDFC FIRST BANK LIMITED,IDFCFIRSTB,IDFCFIRSTB-EQ,11184,Ok,28-07-2023 09:15:00,1690515900,82.95,83.90,82.55,83.20,83.25,4326161,0,4422278,0
CAN FIN HOMES LTD,CANFINHOME,CANFINHOME-EQ,583,Ok,28-07-2023 09:15:00,1690515900,381.65,388.35,378.70,388.30,383.11,1997218,0,2097618,0
THE INDIAN HOTELS CO. LTD,INDHOTEL,INDHOTEL-EQ,1512,Ok,28-07-2023 09:15:00,1690515900,750.00,751.00,736.20,737.20,743.74,329481,0,332653,0
CHOLAMANDALAM IN & FIN CO,CHOLAFIN,CHOLAFIN-EQ,685,Ok,28-07-2023 09:15:00,1690515900,1138.10,1147.00,1134.35,1139.30,1142.01,123444,0,124907,0
COLGATE PALMOLIVE LTD.,COLPAL,COLPAL-EQ,15141,Ok,28-07-2023 09:15:00,1690515900,197.40,204.40,197.40,203.40,202.06,4301549,0,4329748,0
COROMANDEL INTERNTL. LTD,COROMANDEL,COROMANDEL-EQ,739,Ok,28-07-2023 09:15:00,1690515900,2560.00,2578.00,2535.60,2570.75,2562.99,49386,0,49899,0
CROMPT GREA CON ELEC LTD,CROMPTON,CROMPTON-EQ,17094,Ok,28-07-2023 09:15:00,1690515900,1356.45,1363.70,1355.10,1357.40,1358.22,789413,0,803556,0
DABUR INDIA LTD,DABUR,DABUR-EQ,772,Ok,28-07-2023 09:15:00,1690515900,290.00,291.00,289.75,290.65,290.46,39137,0,40049,0
DALMIA BHARAT LIMITED,DALBHARAT,DALBHARAT-EQ,8075,Ok,28-07-2023 09:15:00,1690515900,572.95,574.80,570.00,574.05,572.91,200963,0,202285,0
INTERGLOBE AVIATION LTD,INDIGO,INDIGO-EQ,11195,Ok,28-07-2023 09:15:00,1690515900,507.80,508.80,504.95,508.40,507.46,835044,0,845143,0
DEEPAK NITRITE LTD,DEEPAKNTR,DEEPAKNTR-EQ,19943,Ok,28-07-2023 09:15:00,1690515900,1000.10,1006.50,995.10,995.10,1002.13,71173,0,72521,0
DELTA CORP LIMITED,DELTACORP,DELTACORP-EQ,15044,Ok,28-07-2023 09:15:00,1690515900,1983.95,1984.35,1970.30,1972.85,1977.36,27201,0,27743,0
BANK OF BARODA,BANKBARODA,BANKBARODA-EQ,4668,Ok,28-07-2023 09:15:00,1690515900,2010.05,2062.10,1992.50,2042.40,2034.79,436242,0,438013,0
DLF LIMITED,DLF,DLF-EQ,14732,Ok,28-07-2023 09:15:00,1690515900,1949.75,1953.00,1940.00,1947.35,1947.60,11551,0,11609,0
INFOSYS LIMITED,INFY,INFY-EQ,1594,Ok,28-07-2023 09:15:00,1690515900,198.65,199.35,197.50,198.70,198.32,1515099,0,1546181,0
DR. REDDY S LABORATORIES,DRREDDY,DRREDDY-EQ,881,Ok,28-07-2023 09:15:00,1690515900,2462.20,2509.35,2450.00,2505.30,2491.24,95924,0,96039,0
ESCORTS KUBOTA LIMITED,ESCORTS,ESCORTS-EQ,958,Ok,28-07-2023 09:15:00,1690515900,5520.10,5592.75,5520.00,5580.00,5564.35,95268,0,96172,0
MARUTI SUZUKI INDIA LTD.,MARUTI,MARUTI-EQ,10999,Ok,28-07-2023 09:15:00,1690515900,49.45,50.15,49.20,49.65,49.84,1958969,0,2070582,0
FEDERAL BANK LTD,FEDERALBNK,FEDERALBNK-EQ,1023,Ok,28-07-2023 09:15:00,1690515900,9735.00,9745.00,9698.05,9720.05,9716.76,16593,0,16872,0
UNITED SPIRITS LIMITED,MCDOWELL-N,MCDOWELL-N-EQ,10447,Ok,28-07-2023 09:15:00,1690515900,134.10,135.15,134.10,134.95,134.58,1434651,0,1447038,0
GAIL (INDIA) LTD,GAIL,GAIL-EQ,4717,Ok,28-07-2023 09:15:00,1690515900,1000.65,1004.10,996.30,996.50,1001.07,96210,0,97533,0
MAX FINANCIAL SERV LTD,MFSL,MFSL-EQ,2142,Ok,28-07-2023 09:15:00,1690515900,116.70,117.30,116.50,116.75,116.90,1150040,0,1174499,0
GLENMARK PHARMACEUTICALS,GLENMARK,GLENMARK-EQ,7406,Ok,28-07-2023 09:15:00,1690515900,811.95,819.20,802.80,811.75,812.69,23044,0,23162,0
GMR AIRPORTS INFRA LTD,GMRINFRA,GMRINFRA-EQ,13528,Ok,28-07-2023 09:15:00,1690515900,586.75,588.65,583.00,584.25,585.18,111000,0,112536,0
GUJ NAR VAL FER & CHEM L,GNFC,GNFC-EQ,1174,Ok,28-07-2023 09:15:00,1690515900,1321.00,1323.40,1311.70,1320.25,1318.75,69080,0,70400,0
NATIONAL ALUMINIUM CO LTD,NATIONALUM,NATIONALUM-EQ,6364,Ok,28-07-2023 09:15:00,1690515900,94.95,95.00,94.40,94.70,94.71,444762,0,459425,0
HINDUSTAN AERONAUTICS LTD,HAL,HAL-EQ,2303,Ok,28-07-2023 09:15:00,1690515900,3852.95,3852.95,3831.10,3837.95,3839.28,51993,0,53511,0
HAVELLS INDIA LIMITED,HAVELLS,HAVELLS-EQ,9819,Ok,28-07-2023 09:15:00,1690515900,1665.40,1668.90,1655.10,1656.05,1660.63,1582689,0,1901190,0
HDFC BANK LTD,HDFCBANK,HDFCBANK-EQ,1333,Ok,28-07-2023 09:15:00,1690515900,824.00,829.45,821.10,821.15,825.14,134888,0,137749,0
INFO EDGE (I) LTD,NAUKRI,NAUKRI-EQ,13751,Ok,28-07-2023 09:15:00,1690515900,4569.35,4610.00,4549.40,4603.05,4586.67,15316,0,15368,0
HERO MOTOCORP LIMITED,HEROMOTOCO,HEROMOTOCO-EQ,1348,Ok,28-07-2023 09:15:00,1690515900,450.55,450.75,446.05,446.85,447.58,302761,0,309990,0
HINDALCO  INDUSTRIES  LTD,HINDALCO,HINDALCO-EQ,1363,Ok,28-07-2023 09:15:00,1690515900,3146.90,3154.85,3138.45,3142.65,3146.08,33668,0,34131,0
HINDUSTAN COPPER LTD,HINDCOPPER,HINDCOPPER-EQ,17939,Ok,28-07-2023 09:15:00,1690515900,127.50,128.05,126.40,126.65,127.16,466124,0,479950,0
HINDUSTAN PETROLEUM CORP,HINDPETRO,HINDPETRO-EQ,1406,Ok,28-07-2023 09:15:00,1690515900,128.80,131.10,128.70,130.15,130.18,3511612,0,3582513,0
INDIABULLS HSG FIN LTD,IBULHSGFIN,IBULHSGFIN-EQ,30125,Ok,28-07-2023 09:15:00,1690515900,292.00,292.00,284.45,285.30,285.88,1478908,0,1480664,0
ICICI LOMBARD GIC LIMITED,ICICIGI,ICICIGI-EQ,21770,Ok,28-07-2023 09:15:00,1690515900,573.95,573.95,570.10,570.20,571.86,70241,0,71535,0
ICICI PRU LIFE INS CO LTD,ICICIPRULI,ICICIPRULI-EQ,18652,Ok,28-07-2023 09:15:00,1690515900,120.25,122.95,120.00,122.80,121.52,2514569,0,2610722,0
INDIAN ENERGY EXC LTD,IEX,IEX-EQ,220,Ok,28-07-2023 09:15:00,1690515900,460.60,464.05,460.05,462.25,462.51,100411,0,103883,0
INDRAPRASTHA GAS LTD,IGL,IGL-EQ,11262,Ok,28-07-2023 09:15:00,1690515900,1357.70,1364.45,1357.70,1362.10,1361.93,16956,0,17040,0
THE INDIA CEMENTS LIMITED,INDIACEM,INDIACEM-EQ,1515,Ok,28-07-2023 09:15:00,1690515900,3017.00,3069.95,3007.10,3063.95,3050.54,55828,0,56463,0
INDIAMART INTERMESH LTD,INDIAMART,INDIAMART-EQ,10726,Ok,28-07-2023 09:15:00,1690515900,178.90,178.90,175.25,176.10,176.83,2977298,0,3118406,0
INDUS TOWERS LIMITED,INDUSTOWER,INDUSTOWER-EQ,29135,Ok,28-07-2023 09:15:00,1690515900,213.00,214.20,212.75,213.50,213.61,345708,0,347948,0
INTELLECT DESIGN ARENA,INTELLECT,INTELLECT-EQ,5926,Ok,28-07-2023 09:15:00,1690515900,603.50,644.45,603.50,643.75,629.48,1996432,0,2040144,0
INDIAN OIL CORP LTD,IOC,IOC-EQ,1624,Ok,28-07-2023 09:15:00,1690515900,836.95,836.95,825.75,829.15,830.86,65631,0,67228,0
IPCA LABORATORIES LTD,IPCALAB,IPCALAB-EQ,1633,Ok,28-07-2023 09:15:00,1690515900,96.15,96.15,95.40,95.85,95.85,2887119,0,3067704,0
INDIAN RAIL TOUR CORP LTD,IRCTC,IRCTC-EQ,13611,Ok,28-07-2023 09:15:00,1690515900,619.75,621.60,618.20,620.45,620.05,51886,0,54208,0
ORACLE FIN SERV SOFT LTD.,OFSS,OFSS-EQ,10738,Ok,28-07-2023 09:15:00,1690515900,3817.90,3844.90,3794.95,3844.00,3821.29,4823,0,4921,0
PAGE INDUSTRIES LTD,PAGEIND,PAGEIND-EQ,14413,Ok,28-07-2023 09:15:00,1690515900,3214.10,3225.00,3181.00,3216.95,3215.25,2993,0,3065,0
JK CEMENT LIMITED,JKCEMENT,JKCEMENT-EQ,13270,Ok,28-07-2023 09:15:00,1690515900,37356.05,37419.55,37255.05,37280.00,37336.55,835,0,861,0
PERSISTENT SYSTEMS LTD,PERSISTENT,PERSISTENT-EQ,18365,Ok,28-07-2023 09:15:00,1690515900,1874.85,1876.45,1861.10,1864.15,1865.10,250088,0,255139,0
PI INDUSTRIES LTD,PIIND,PIIND-EQ,24184,Ok,28-07-2023 09:15:00,1690515900,1301.80,1301.90,1281.35,1283.80,1285.72,90642,0,91238,0
KOTAK MAHINDRA BANK LTD,KOTAKBANK,KOTAKBANK-EQ,1922,Ok,28-07-2023 09:15:00,1690515900,3565.05,3579.90,3540.05,3555.00,3558.39,19485,0,19560,0
SBI CARDS & PAY SER LTD,SBICARD,SBICARD-EQ,17971,Ok,28-07-2023 09:15:00,1690515900,4742.80,4758.65,4715.70,4740.05,4736.65,29294,0,29559,0
SBI LIFE INSURANCE CO LTD,SBILIFE,SBILIFE-EQ,21808,Ok,28-07-2023 09:15:00,1690515900,859.95,862.00,848.30,852.05,852.44,116166,0,116901,0
L&T FINANCE HOLDINGS LTD,L&TFH,L&TFH-EQ,24948,Ok,28-07-2023 09:15:00,1690515900,398.40,399.85,397.20,398.15,398.56,116206,0,117717,0
DR. LAL PATH LABS LTD.,LALPATHLAB,LALPATHLAB-EQ,11654,Ok,28-07-2023 09:15:00,1690515900,2491.75,2491.80,2369.35,2431.65,2413.00,138251,0,139318,0
LAURUS LABS LIMITED,LAURUSLABS,LAURUSLABS-EQ,19234,Ok,28-07-2023 09:15:00,1690515900,2659.00,2662.10,2650.05,2659.40,2656.95,98344,0,105219,0
LIC HOUSING FINANCE LTD,LICHSGFIN,LICHSGFIN-EQ,1997,Ok,28-07-2023 09:15:00,1690515900,339.80,348.80,336.95,345.00,343.25,2852341,0,2911679,0
LARSEN & TOUBRO LTD.,LT,LT-EQ,11483,Ok,28-07-2023 09:15:00,1690515900,4883.85,4887.75,4848.50,4878.25,4870.56,16014,0,16648,0
LTIMINDTREE LIMITED,LTIM,LTIM-EQ,17818,Ok,28-07-2023 09:15:00,1690515900,131.35,131.35,129.20,130.90,130.35,836143,0,866785,0
L&T TECHNOLOGY SER. LTD.,LTTS,LTTS-EQ,18564,Ok,28-07-2023 09:15:00,1690515900,988.00,989.90,978.00,980.10,982.61,230945,0,248220,0
AUROBINDO PHARMA LTD,AUROPHARMA,AUROPHARMA-EQ,275,Ok,28-07-2023 09:15:00,1690515900,313.85,313.95,309.45,309.90,311.81,358523,0,362266,0
LUPIN LIMITED,LUPIN,LUPIN-EQ,10440,Ok,28-07-2023 09:15:00,1690515900,555.80,562.20,555.00,559.50,559.50,580875,0,585423,0
MAHINDRA & MAHINDRA LTD,M&M,M&M-EQ,2031,Ok,28-07-2023 09:15:00,1690515900,824.60,833.95,824.60,831.35,829.87,238306,0,244489,0
M&M FIN. SERVICES LTD,M&MFIN,M&MFIN-EQ,13285,Ok,28-07-2023 09:15:00,1690515900,1460.05,1463.20,1450.00,1457.15,1455.45,325040,0,336267,0
MARICO LIMITED,MARICO,MARICO-EQ,4067,Ok,28-07-2023 09:15:00,1690515900,3955.00,3960.00,3940.95,3954.85,3950.01,8530,0,8848,0
METROPOLIS HEALTHCARE LTD,METROPOLIS,METROPOLIS-EQ,9581,Ok,28-07-2023 09:15:00,1690515900,1629.40,1629.40,1586.20,1597.10,1603.01,325945,0,329817,0
BAJAJ FINSERV LTD.,BAJAJFINSV,BAJAJFINSV-EQ,16675,Ok,28-07-2023 09:15:00,1690515900,256.75,256.90,253.65,254.05,255.12,351644,0,361621,0
CIPLA LTD,CIPLA,CIPLA-EQ,694,Ok,28-07-2023 09:15:00,1690515900,102250.00,102366.40,101880.70,102124.00,102136.85,302,0,313,0
MRF LTD,MRF,MRF-EQ,2277,Ok,28-07-2023 09:15:00,1690515900,1331.75,1333.20,1327.15,1330.55,1330.02,332354,0,332615,0
EXIDE INDUSTRIES LTD,EXIDEIND,EXIDEIND-EQ,676,Ok,28-07-2023 09:15:00,1690515900,1172.90,1181.50,1165.85,1178.70,1175.11,590531,0,606024,0
MUTHOOT FINANCE LIMITED,MUTHOOTFIN,MUTHOOTFIN-EQ,23650,Ok,28-07-2023 09:15:00,1690515900,1415.00,1415.95,1381.50,1388.25,1392.43,59338,0,59638,0
NAVIN FLUORINE INT. LTD,NAVINFLUOR,NAVINFLUOR-EQ,14672,Ok,28-07-2023 09:15:00,1690515900,4286.10,4286.10,4204.35,4227.10,4230.50,26409,0,26501,0
TATA CONSULTANCY SERV LT,TCS,TCS-EQ,11536,Ok,28-07-2023 09:15:00,1690515900,1355.55,1370.70,1354.00,1362.20,1360.96,52061,0,52854,0
TECH MAHINDRA LIMITED,TECHM,TECHM-EQ,13538,Ok,28-07-2023 09:15:00,1690515900,1713.00,1713.00,1691.80,1706.85,1701.91,17294,0,17405,0
TRENT LTD,TRENT,TRENT-EQ,1964,Ok,28-07-2023 09:15:00,1690515900,3389.90,3389.90,3366.15,3367.50,3372.21,163801,0,173547,0
TVS MOTOR COMPANY  LTD,TVSMOTOR,TVSMOTOR-EQ,8479,Ok,28-07-2023 09:15:00,1690515900,1098.00,1100.00,1090.80,1092.60,1094.23,463806,0,471356,0
BIOCON LIMITED.,BIOCON,BIOCON-EQ,11373,Ok,28-07-2023 09:15:00,1690515900,256.90,260.75,256.50,260.20,258.98,467306,0,471470,0
NESTLE INDIA LIMITED,NESTLEIND,NESTLEIND-EQ,17963,Ok,28-07-2023 09:15:00,1690515900,170.60,170.95,169.00,170.75,170.04,569872,0,594737,0
WIPRO LTD,WIPRO,WIPRO-EQ,3787,Ok,28-07-2023 09:15:00,1690515900,201.80,201.85,199.55,199.70,200.28,670447,0,688728,0
NTPC LTD,NTPC,NTPC-EQ,11630,Ok,28-07-2023 09:15:00,1690515900,402.15,402.70,400.15,401.75,401.52,249408,0,265048,0
OBEROI REALTY LIMITED,OBEROIRLTY,OBEROIRLTY-EQ,20242,Ok,28-07-2023 09:15:00,1690515900,22350.00,22391.95,22200.00,22370.05,22306.51,8299,0,8603,0
OIL AND NATURAL GAS CORP.,ONGC,ONGC-EQ,2475,Ok,28-07-2023 09:15:00,1690515900,1114.95,1115.00,1101.25,1107.70,1108.43,32264,0,32934,0
CITY UNION BANK LTD,CUB,CUB-EQ,5701,Ok,28-07-2023 09:15:00,1690515900,134.55,135.00,133.55,134.05,134.10,271670,0,289466,0
CHAMBAL FERTILIZERS LTD,CHAMBLFERT,CHAMBLFERT-EQ,637,Ok,28-07-2023 09:15:00,1690515900,251.75,252.10,250.15,251.30,251.27,590138,0,616067,0
PETRONET LNG LIMITED,PETRONET,PETRONET-EQ,11351,Ok,28-07-2023 09:15:00,1690515900,275.00,275.00,272.15,273.20,273.30,84600,0,86235,0
PIDILITE INDUSTRIES LTD,PIDILITIND,PIDILITIND-EQ,2664,Ok,28-07-2023 09:15:00,1690515900,2594.95,2609.70,2587.15,2604.95,2598.08,23364,0,23854,0
PUNJAB NATIONAL BANK,PNB,PNB-EQ,10666,Ok,28-07-2023 09:15:00,1690515900,324.45,326.70,322.50,326.50,324.95,754155,0,782656,0
GRANULES INDIA LIMITED,GRANULES,GRANULES-EQ,11872,Ok,28-07-2023 09:15:00,1690515900,62.45,62.70,62.15,62.40,62.48,6339000,0,6494357,0
POWER GRID CORP. LTD.,POWERGRID,POWERGRID-EQ,14977,Ok,28-07-2023 09:15:00,1690515900,225.15,225.30,224.25,224.95,224.79,58146,0,58717,0
THE RAMCO CEMENTS LIMITED,RAMCOCEM,RAMCOCEM-EQ,2043,Ok,28-07-2023 09:15:00,1690515900,881.15,886.25,880.40,883.40,882.66,12597,0,12700,0
RBL BANK LIMITED,RBLBANK,RBLBANK-EQ,18391,Ok,28-07-2023 09:15:00,1690515900,2511.00,2512.30,2500.95,2505.60,2504.91,693599,0,710092,0
HDFC AMC LIMITED,HDFCAMC,HDFCAMC-EQ,4244,Ok,28-07-2023 09:15:00,1690515900,2452.05,2481.70,2444.80,2480.00,2471.64,48543,0,48866,0
REC LIMITED,RECLTD,RECLTD-EQ,15355,Ok,28-07-2023 09:15:00,1690515900,189.75,190.45,188.00,189.10,189.27,4119021,0,4209913,0
RELIANCE INDUSTRIES LTD,RELIANCE,RELIANCE-EQ,2885,Ok,28-07-2023 09:15:00,1690515900,92.20,92.45,91.80,91.80,92.10,861605,0,887716,0
STEEL AUTHORITY OF INDIA,SAIL,SAIL-EQ,2963,Ok,28-07-2023 09:15:00,1690515900,234.10,239.90,234.05,239.90,237.62,6120261,0,6166207,0
STATE BANK OF INDIA,SBIN,SBIN-EQ,3045,Ok,28-07-2023 09:15:00,1690515900,1825.90,1838.30,1796.00,1797.95,1818.22,135372,0,137247,0
SHREE CEMENT LIMITED,SHREECEM,SHREECEM-EQ,3103,Ok,28-07-2023 09:15:00,1690515900,229.50,229.55,227.90,228.50,228.52,334465,0,340778,0
SHRIRAM FINANCE LIMITED,SHRIRAMFIN,SHRIRAMFIN-EQ,4306,Ok,28-07-2023 09:15:00,1690515900,2174.15,2181.90,2159.35,2177.05,2173.12,46161,0,47318,0
SRF LTD,SRF,SRF-EQ,3273,Ok,28-07-2023 09:15:00,1690515900,24069.85,24069.85,23873.55,23980.25,23990.49,3238,0,3261,0
SUN PHARMACEUTICAL IND L,SUNPHARMA,SUNPHARMA-EQ,3351,Ok,28-07-2023 09:15:00,1690515900,617.00,617.15,614.20,615.70,615.46,790074,0,802814,0
COAL INDIA LTD,COALINDIA,COALINDIA-EQ,20374,Ok,28-07-2023 09:15:00,1690515900,1129.50,1139.85,1123.30,1134.40,1131.87,205699,0,212093,0
SYNGENE INTERNATIONAL LTD,SYNGENE,SYNGENE-EQ,10243,Ok,28-07-2023 09:15:00,1690515900,2573.95,2584.80,2567.05,2584.80,2578.65,56882,0,58950,0
HINDUSTAN UNILEVER LTD.,HINDUNILVR,HINDUNILVR-EQ,1394,Ok,28-07-2023 09:15:00,1690515900,999.75,1010.90,997.45,1004.00,1005.44,213664,0,215486,0
TATA CHEMICALS LTD,TATACHEM,TATACHEM-EQ,3405,Ok,28-07-2023 09:15:00,1690515900,810.00,820.50,809.25,820.50,815.62,187240,0,189472,0
TATA COMMUNICATIONS LTD,TATACOMM,TATACOMM-EQ,3721,Ok,28-07-2023 09:15:00,1690515900,988.80,992.40,982.95,983.35,986.98,743033,0,760339,0
TATA CONSUMER PRODUCT LTD,TATACONSUM,TATACONSUM-EQ,3432,Ok,28-07-2023 09:15:00,1690515900,1736.00,1745.50,1725.60,1726.60,1735.62,231205,0,236886,0
ICICI BANK LTD.,ICICIBANK,ICICIBANK-EQ,4963,Ok,28-07-2023 09:15:00,1690515900,854.00,855.90,842.00,855.85,849.38,285326,0,289257,0
TATA MOTORS LIMITED,TATAMOTORS,TATAMOTORS-EQ,3456,Ok,28-07-2023 09:15:00,1690515900,1990.00,2033.95,1988.05,2006.50,2017.15,96108,0,96282,0
TATA POWER CO LTD,TATAPOWER,TATAPOWER-EQ,3426,Ok,28-07-2023 09:15:00,1690515900,1415.60,1418.75,1413.05,1417.80,1416.03,55034,0,55932,0
INDUSIND BANK LIMITED,INDUSINDBK,INDUSINDBK-EQ,5258,Ok,28-07-2023 09:15:00,1690515900,1560.00,1564.60,1553.00,1556.15,1558.91,37842,0,38911,0
TITAN COMPANY LIMITED,TITAN,TITAN-EQ,3506,Ok,28-07-2023 09:15:00,1690515900,3010.00,3010.00,2983.15,2988.10,2990.34,55759,0,56583,0
TORRENT PHARMACEUTICALS L,TORNTPHARM,TORNTPHARM-EQ,3518,Ok,28-07-2023 09:15:00,1690515900,221.00,221.25,220.10,220.20,220.65,416085,0,438706,0
UNITED BREWERIES LTD,UBL,UBL-EQ,16713,Ok,28-07-2023 09:15:00,1690515900,645.05,645.30,639.00,639.80,641.99,1030773,0,1061352,0
ULTRATECH CEMENT LIMITED,ULTRACEMCO,ULTRACEMCO-EQ,11532,Ok,28-07-2023 09:15:00,1690515900,645.00,646.75,642.15,642.85,644.59,91123,0,93648,0
UPL LIMITED,UPL,UPL-EQ,11287,Ok,28-07-2023 09:15:00,1690515900,8290.35,8341.65,8255.45,8279.45,8298.01,18507,0,18664,0
VOLTAS LTD,VOLTAS,VOLTAS-EQ,3718,Ok,28-07-2023 09:15:00,1690515900,471.25,475.20,469.55,473.35,473.27,149287,0,150925,0
JUBILANT FOODWORKS LTD,JUBLFOOD,JUBLFOOD-EQ,18096,Ok,28-07-2023 09:15:00,1690515900,759.30,763.45,758.85,760.75,761.30,55657,0,56047,0
ZEE ENTERTAINMENT ENT LTD,ZEEL,ZEEL-EQ,3812,Ok,28-07-2023 09:15:00,1690515900,628.40,628.40,622.35,625.40,624.48,346291,0,354698,0
ZYDUS LIFESCIENCES LTD,ZYDUSLIFE,ZYDUSLIFE-EQ,7929,Ok,28-07-2023 09:15:00,1690515900,235.85,238.10,235.50,238.00,236.72,806808,0,819810,0
MANAPPURAM FINANCE LTD,MANAPPURAM,MANAPPURAM-EQ,19061,Ok,28-07-2023 09:15:00,1690515900,658.05,659.80,649.00,649.20,652.50,218883,0,220106,0
ACC LIMITED,ACC,ACC-EQ,22,Ok,28-07-2023 09:15:00,1690515900,1947.15,1974.35,1926.55,1930.00,1951.19,527383,0,553365,0
VEDANTA LIMITED,VEDL,VEDL-EQ,3063,Ok,28-07-2023 09:15:00,1690515900,674.50,677.95,671.45,677.30,675.04,34025,0,34426,0
JINDAL STEEL & POWER LTD,JINDALSTEL,JINDALSTEL-EQ,6733,Ok,28-07-2023 09:15:00,1690515900,277.60,277.60,276.30,277.15,276.92,459125,0,467066,0
JSW STEEL LIMITED,JSWSTEEL,JSWSTEEL-EQ,11723,Ok,28-07-2023 09:15:00,1690515900,139.15,139.60,137.55,137.75,138.90,788735,0,804756,0
CONTAINER CORP OF IND LTD,CONCOR,CONCOR-EQ,4749,Ok,28-07-2023 09:15:00,1690515900,796.00,796.25,787.85,788.10,790.70,288208,0,289673,0
NMDC LTD.,NMDC,NMDC-EQ,15332,Ok,28-07-2023 09:15:00,1690515900,4705.15,4725.00,4684.35,4685.85,4706.21,38556,0,39932,0
POLYCAB INDIA LIMITED,POLYCAB,POLYCAB-EQ,9590,Ok,28-07-2023 09:15:00,1690515900,1111.70,1122.00,1089.00,1089.10,1106.97,187723,0,194749,0
SIEMENS LTD,SIEMENS,SIEMENS-EQ,3150,Ok,28-07-2023 09:15:00,1690515900,345.90,345.90,341.55,343.30,343.09,826108,0,836154,0
CANARA BANK,CANBK,CANBK-EQ,10794,Ok,28-07-2023 09:15:00,1690515900,112.10,112.10,111.25,111.45,111.60,533869,0,556835,0
MULTI COMMODITY EXCHANGE,MCX,MCX-EQ,31181,Ok,28-07-2023 09:15:00,1690515900,3764.75,3764.75,3745.65,3749.40,3753.90,5515,0,5662,0
MAHANAGAR GAS LTD.,MGL,MGL-EQ,17534,Ok,28-07-2023 09:15:00,1690515900,1663.75,1663.75,1633.35,1649.15,1648.62,32417,0,32448,0
SAMVRDHNA MTHRSN INTL LTD,MOTHERSON,MOTHERSON-EQ,4204,Ok,28-07-2023 09:15:00,1690515900,1104.40,1111.80,1083.40,1085.75,1096.66,715796,0,726288,0
ITC LTD,ITC,ITC-EQ,1660,Ok,28-07-2023 09:15:00,1690515900,535.65,549.90,534.70,546.90,543.86,802646,0,812025,0
PVR INOX LIMITED,PVRINOX,PVRINOX-EQ,13147,Ok,28-07-2023 09:15:00,1690515900,253.45,255.50,252.25,252.85,253.77,1146102,0,1165968,0
SUN TV NETWORK LIMITED,SUNTV,SUNTV-EQ,13404,Ok,28-07-2023 09:15:00,1690515900,1549.15,1559.00,1545.05,1558.80,1552.76,62896,0,64684,0
PIRAMAL ENTERPRISES LTD,PEL,PEL-EQ,2412,Ok,28-07-2023 09:15:00,1690515900,100.80,100.80,97.35,97.75,98.31,2885438,0,2903171,0
POWER FIN CORP LTD.,PFC,PFC-EQ,14299,Ok,28-07-2023 09:15:00,1690515900,468.65,468.70,465.60,468.45,467.13,1167613,0,1242157,0
TATA STEEL LIMITED,TATASTEEL,TATASTEEL-EQ,3499,Ok,28-07-2023 09:15:00,1690515900,8.50,8.55,8.30,8.40,8.38,25010330,0,25615018,0
GODREJ PROPERTIES LTD,GODREJPROP,GODREJPROP-EQ,17875,Ok,28-07-2023 09:15:00,1690515900,1714.95,1741.00,1711.00,1740.80,1731.47,255895,0,257614,0
VODAFONE IDEA LIMITED,IDEA,IDEA-EQ,14366,Ok,28-07-2023 09:15:00,1690515900,2299.10,2299.10,2256.15,2271.95,2270.94,33040,0,33985,0
MPHASIS LIMITED,MPHASIS,MPHASIS-EQ,4503,Ok,28-07-2023 09:15:00,1690515900,120.25,120.25,119.05,119.35,119.46,2405592,0,2471889,0
